customer_id,probability
6815,0.30836567
27914,0.43628615
31385,0.32446635
38084,0.5053423
78659,0.5384452
85327,0.43008062
85635,0.28014454
168767,0.5167233
172390,0.4046486
186730,0.43767816
279454,0.514039
302489,0.4305137
312146,0.36130145
461627,0.20502152
493506,0.6814682
498222,0.29238144
516081,0.48856634
544719,0.5705073
570018,0.5973062
603086,0.51491153
610375,0.39982328
611788,0.31097716
621247,0.41676146
630248,0.38665676
701335,0.5540079
750056,0.34474266
760558,0.6543443
775341,0.36901137
784488,0.4135825
815836,0.51543
824085,0.41426173
867851,0.51623803
890531,0.60928696
904122,0.6347374
927818,0.46036595
938354,0.6269143
954126,0.2837071
984867,0.35300422
987798,0.6105644
1013552,0.5255684
1020634,0.5827251
1029705,0.4222672
1099483,0.38479352
1133595,0.3838932
1136140,0.6361934
1217764,0.5222928
1230741,0.5115587
1256938,0.45605215
1291480,0.44056898
1298146,0.50331545
1336622,0.5210372
1377061,0.24928007
1508066,0.6830311
1541259,0.274396
1562005,0.62582123
1567291,0.5086073
1568833,0.4415252
1626561,0.6807101
1643831,0.33610776
1645333,0.29621437
1691972,0.52309275
1701585,0.40183955
1716098,0.53039515
1747033,0.28934503
1748625,0.26907766
1764918,0.5778207
1798485,0.68154466
1804650,0.417826
1810386,0.29332498
1929883,0.3719277
1936060,0.48625574
1988154,0.33233202
1994043,0.37771142
2130072,0.58848655
2151916,0.188947
2173974,0.6524658
2219074,0.33288547
2317888,0.28279862
2354592,0.56350845
2420841,0.41455463
2426906,0.52220225
2444292,0.35585928
2467346,0.38787434
2569589,0.48338103
2611958,0.342095
2649097,0.39838213
2673490,0.6593474
2680117,0.43780696
2684078,0.49950624
2692812,0.5967543
2702587,0.4053757
2705672,0.28875244
2741822,0.6097782
2750594,0.296643
2775006,0.35039714
2777285,0.53829044
2787811,0.51288784
2790265,0.4313553
2852393,0.5414715
2925124,0.66187394
2946788,0.59984815
2950983,0.3764352
2992932,0.40513733
3031425,0.560409
3075545,0.37066346
3082002,0.2746308
3093845,0.6385756
3141788,0.3831237
3156819,0.2046837
3202482,0.49928385
3241242,0.4155117
3260907,0.36642745
3316837,0.3598236
3321077,0.50692123
3323243,0.31397298
3332843,0.30224407
3356075,0.4685028
3357959,0.28548676
3363940,0.46307433
3440764,0.24681485
3453773,0.64056414
3501340,0.3423071
3528539,0.4549487
3539993,0.40773904
3605631,0.52014256
3618976,0.38495222
3690249,0.38210186
3707746,0.34912792
3719119,0.38173354
3729674,0.66638005
3741760,0.49029455
3743929,0.46972215
3750128,0.39527336
3788060,0.45948142
3854679,0.23465502
3857377,0.29458413
3902265,0.3139427
3918071,0.31455475
3931715,0.52248025
3951882,0.30029503
4015488,0.32376423
4077097,0.66907907
4078534,0.5382432
4093894,0.44569296
4181983,0.6523356
4243994,0.33479604
4286902,0.3743324
4303845,0.3619766
4309953,0.27702647
4314113,0.42151695
4395772,0.5663054
4415650,0.47869495
4543137,0.60617554
4610275,0.38231614
4612839,0.6031284
4618247,0.3115896
4631488,0.3894559
4638377,0.48266235
4662805,0.5203824
4681159,0.6130008
4690246,0.4917944
4707466,0.49646434
4725454,0.43552026
4730614,0.5331677
4736715,0.2350521
4740895,0.30735928
4747261,0.32461086
4829848,0.36890036
4840730,0.44044694
4895767,0.46230125
4896321,0.51118743
4904693,0.47646713
4913258,0.3511793
5003413,0.41792122
5010022,0.46152297
5030826,0.7096875
5038906,0.5386383
5063900,0.563673
5079103,0.52241725
5080512,0.31468284
5102946,0.5724169
5115320,0.5491161
5128692,0.25448582
5129634,0.35584435
5179705,0.3675891
5191421,0.4829247
5222307,0.55049944
5234323,0.31910247
5249686,0.50349814
5253697,0.541955
5285278,0.45469368
5288179,0.5292403
5301525,0.42124242
5308727,0.55618495
5351670,0.540284
5353298,0.64611304
5360260,0.44457215
5377646,0.42684782
5413522,0.25895095
5437224,0.60742426
5442432,0.29480404
5466673,0.41889304
5471887,0.21504901
5509085,0.5088386
5522306,0.35669544
5529000,0.5246203
5534381,0.39914262
5542063,0.4868188
5546147,0.5630369
5591410,0.4657657
5593463,0.59726685
5595865,0.5840909
5620816,0.30661663
5650565,0.48210168
5680412,0.4597224
5684340,0.41556773
5712129,0.56390697
5728776,0.27707285
5812748,0.36952436
5813739,0.5200839
5873100,0.38683113
5904549,0.34470814
5917074,0.5566994
5932512,0.40457153
5947256,0.5056757
5962572,0.37706074
5963521,0.34828722
5979147,0.649125
5987772,0.40745348
6022714,0.4299617
6028275,0.62293124
6057858,0.46891558
6070760,0.41940963
6095580,0.46232486
6128165,0.3346054
6168444,0.33616114
6180127,0.41184828
6201435,0.33754915
6229170,0.3148544
6230637,0.33356732
6237240,0.6176604
6260068,0.5551683
6263636,0.6148691
6297061,0.6353863
6299035,0.45980313
6342326,0.40261057
6419331,0.4654563
6506523,0.42344016
6512034,0.44209754
6563583,0.58517724
6693917,0.52076524
6740969,0.587447
6743603,0.43713224
6777272,0.71003985
6781439,0.5622826
6802435,0.36783436
6808459,0.7023687
6812280,0.3095673
6833739,0.36416924
6912082,0.41567382
6959386,0.21991614
6967729,0.5357052
6987246,0.486672
6992283,0.4459927
7031302,0.37780628
7036054,0.46981832
7042491,0.53469294
7050763,0.45493677
7054459,0.65791154
7063514,0.63418347
7154063,0.39609516
7176009,0.50802875
7190640,0.40344074
7259712,0.2695389
7260407,0.2415468
7274248,0.49897096
7277718,0.4639824
7286014,0.35376444
7334738,0.30550906
7417224,0.3521408
7443671,0.41019332
7468632,0.35617658
7481941,0.3489516
7515266,0.305074
7529955,0.29187056
7643575,0.4988798
7738852,0.34184825
7802693,0.2559913
7825000,0.5890287
7928829,0.30077454
7941670,0.31335506
7992478,0.5312678
8005009,0.55087125
8014460,0.4616995
8039667,0.33851874
8039989,0.4313927
8057640,0.29441926
8117702,0.28375214
8147226,0.4274402
8180711,0.44537959
8232432,0.21915308
8242368,0.4440322
8251225,0.26061803
8260849,0.3051092
8269375,0.2748519
8311063,0.26363057
8318445,0.42950413
8320225,0.3701646
8411774,0.32310104
8495915,0.51148117
8508392,0.37607425
8572281,0.3456624
8605057,0.24509232
8610584,0.575728
8632843,0.4737514
8673276,0.20530249
8682085,0.70137066
8685331,0.53352696
8785015,0.26291534
8806206,0.59366673
8822658,0.39756343
8836504,0.51447976
8890644,0.4622066
8958297,0.42487398
9018309,0.36718792
9054088,0.4099208
9074485,0.44386837
9085668,0.35068217
9093576,0.34164876
9094483,0.19943859
9099643,0.47474557
9149677,0.4886843
9184053,0.6496494
9185026,0.4300926
9211054,0.3785726
9256099,0.3890299
9305819,0.5952738
9363087,0.7299166
9373238,0.43255794
9384247,0.3109796
9398001,0.32540914
9416660,0.3129311
9435622,0.43244028
9659665,0.41953692
9672790,0.45222816
9688107,0.46634892
9700419,0.31840086
9807993,0.3509275
9841413,0.7132621
9863722,0.56129944
9871840,0.5800531
9894840,0.31197378
9899289,0.4767104
9906759,0.26960278
9962760,0.575946
9992069,0.632826
10005741,0.41127267
10011328,0.58199316
10014090,0.34115615
10018695,0.35691032
10023080,0.43247336
10034284,0.5031396
10067396,0.223641
10078312,0.4674889
10094853,0.3361669
10126330,0.36719513
10179649,0.5099006
10252148,0.56754977
10257726,0.41911915
10280886,0.26799127
10304262,0.41323584
10334951,0.36800534
10403039,0.46268988
10464121,0.40403014
10476857,0.3388745
10519292,0.4704699
10524021,0.34892908
10598219,0.41680717
10682079,0.5287511
10685683,0.55978
10690962,0.45071724
10696706,0.5035176
10722119,0.47695276
10727511,0.3736179
10759723,0.4185198
10774706,0.43123528
10888907,0.33508345
10909988,0.5578561
10915793,0.33368704
10967870,0.2977807
11073241,0.25833187
11094849,0.6260183
11123573,0.38924426
11142969,0.31356505
11143956,0.28102636
11234608,0.3121001
11259870,0.19445209
11327023,0.30460212
11349383,0.3380142
11365859,0.40822965
11381668,0.73381734
11397041,0.5797631
11434701,0.38412908
11446286,0.3897736
11460051,0.17682447
11476779,0.5120637
11529524,0.41004822
11562634,0.32114917
11573006,0.5083553
11625700,0.6056844
11627763,0.4768795
11631304,0.3419803
11631823,0.35336792
11637315,0.5211645
11661664,0.4318539
11671863,0.5211634
11691762,0.457104
11738678,0.625104
11765794,0.56479055
11777784,0.3106248
11851829,0.2872883
11925955,0.49538824
11931236,0.41377583
11931380,0.37805688
11935430,0.2977053
12042186,0.54949605
12053904,0.4448422
12056620,0.43335748
12069120,0.42684764
12116728,0.44131294
12252020,0.44340813
12261215,0.5876803
12273634,0.26309395
12279093,0.68227327
12282192,0.6513727
12289409,0.5057741
12342280,0.38943654
12390619,0.40128502
12434084,0.36502108
12437618,0.38682002
12448845,0.30383018
12468790,0.25482455
12520991,0.35537317
12528382,0.36244938
12542015,0.56182945
12564682,0.36176437
12596291,0.36115655
12610287,0.30048957
12680585,0.47148192
12697220,0.31101105
12701940,0.3524128
12707826,0.4900473
12711646,0.5125582
12728902,0.32106325
12785195,0.5067977
12914769,0.62869316
12925117,0.21554999
12932872,0.4765502
12976812,0.4444062
12981242,0.2742946
12981808,0.4336225
13011786,0.5413925
13179575,0.30897242
13182172,0.41478074
13191753,0.39400166
13241753,0.36081058
13245340,0.39606377
13246133,0.59622246
13260220,0.44544056
13267878,0.36777425
13324952,0.6373749
13325805,0.37830356
13358704,0.54779
13389616,0.33900833
13418393,0.43425617
13422613,0.3742453
13451353,0.45192215
13520040,0.3127117
13528851,0.5153556
13552331,0.35259664
13554236,0.3756599
13568964,0.41098619
13572234,0.22372542
13602205,0.4302379
13605073,0.64096814
13620003,0.6090206
13637343,0.42916507
13659037,0.3755835
13670238,0.613019
13672389,0.2674654
13734049,0.47899812
13751660,0.41388622
13825301,0.41415972
13868306,0.29508585
13872241,0.49062064
13888991,0.39370307
13889184,0.47172338
13910371,0.326407
14101528,0.32965437
14143258,0.40959135
14154413,0.5799585
14166485,0.5427563
14178332,0.48207808
14180180,0.34882483
14221391,0.5205647
14248648,0.4079494
14267405,0.32530427
14330113,0.4881295
14331004,0.6547453
14353260,0.5715854
14382698,0.26766816
14409598,0.644703
14444565,0.4434923
14454081,0.6070703
14476637,0.47350302
14551898,0.17887822
14602021,0.41494673
14630687,0.2866296
14656498,0.21436661
14682884,0.5380784
14711088,0.31575117
14736748,0.5150296
14739087,0.38652503
14866430,0.39021006
14872527,0.27483013
14875577,0.5498345
14892960,0.5213837
14937933,0.6988072
14953743,0.43198282
14980520,0.5343234
14988970,0.4973446
14990644,0.4703792
15004238,0.33673447
15031489,0.53110695
15044221,0.26835766
15053840,0.60499626
15058566,0.4146303
15088828,0.30225366
15142137,0.33349302
15166647,0.32852572
15197816,0.51808834
15206594,0.26993862
15218842,0.41367754
15282992,0.43237594
15283573,0.2644381
15325309,0.48897865
15413183,0.29024976
15458619,0.49281093
15496197,0.49288675
15510666,0.3132243
15515571,0.38352993
15577036,0.60193014
15577985,0.44265985
15590380,0.30820444
15598730,0.4656962
15600058,0.34750247
15604721,0.34447843
15611978,0.3282791
15626188,0.29218695
15626531,0.3292991
15729290,0.6123372
15767586,0.3673244
15826213,0.33002055
15836028,0.29440325
15836839,0.62584996
15841147,0.46001536
15847149,0.56896734
15856748,0.46112195
15867759,0.6052381
15894791,0.28048396
15926722,0.43435717
15956854,0.26702368
15964289,0.46024644
16048969,0.37745586
16049334,0.65260476
16057697,0.38365266
16089461,0.4545083
16198741,0.6274481
16213543,0.5094352
16253417,0.36552656
16274002,0.66957206
16295869,0.5691171
16359236,0.6642972
16371796,0.1839751
16392564,0.24581848
16393345,0.4334714
16395398,0.46242997
16395910,0.39464056
16419087,0.50743604
16454787,0.4682313
16462973,0.43040514
16505024,0.5817629
16527738,0.7267882
16563089,0.55658394
16563768,0.53007853
16568750,0.38905025
16579578,0.38506126
16585493,0.4192593
16588270,0.35310784
16604678,0.39202783
16617908,0.31557152
16622470,0.474001
16634239,0.6599886
16697632,0.3931457
16744894,0.6388059
16745983,0.41703305
16768663,0.40175277
16843415,0.4225765
16862454,0.48676595
16938566,0.5921828
16967590,0.5059785
17090426,0.56551474
17095064,0.31800607
17096335,0.5873818
17096973,0.44090673
17113299,0.32457018
17120363,0.2775728
17120770,0.48429516
17166860,0.26003274
17168015,0.34339222
17171316,0.23973736
17173846,0.26327112
17260193,0.38415286
17292612,0.64819664
17302287,0.4024103
17306217,0.29341367
17340837,0.30984518
17392669,0.46622524
17396832,0.42693853
17422997,0.37078765
17447144,0.68580335
17459382,0.38004532
17576256,0.3242107
17580250,0.32795447
17589274,0.39637434
17661325,0.20753141
17703557,0.659327
17703907,0.4426429
17737985,0.4935539
17750079,0.67384803
17755070,0.40135723
17761745,0.25716645
17774807,0.53693634
17832283,0.4489704
17859769,0.34103543
17880785,0.62497103
17888939,0.49558952
17899884,0.53389126
17908138,0.37570587
17914429,0.38740337
17958840,0.49342188
17979664,0.3626432
18000572,0.32096457
18029928,0.5355656
18032393,0.34414905
18126138,0.3433936
18152172,0.57630414
18213223,0.29536712
18213962,0.58235633
18230930,0.24913812
18256987,0.53263026
18263937,0.5096948
18293426,0.24800898
18321497,0.6761516
18344091,0.6517639
18348644,0.3403071
18366978,0.5596134
18454528,0.5103135
18470346,0.44717583
18488176,0.30862066
18501812,0.53716505
18528564,0.5250368
18562357,0.39802453
18571719,0.4605625
18746693,0.5138307
18798580,0.28020015
18812819,0.5138284
18877330,0.26727346
18879570,0.54376936
18904103,0.40324762
18935419,0.22933921
18935754,0.42584422
18965515,0.44981867
19006787,0.18137
19031983,0.41538224
19061005,0.6123076
19101727,0.392386
19110007,0.38431916
19239257,0.571489
19261311,0.41822323
19282673,0.64608485
19345776,0.48364118
19375709,0.4193003
19380379,0.50464314
19404141,0.40759894
19425991,0.37760273
19438089,0.59130603
19621396,0.6525424
19624198,0.30309498
19633697,0.3320299
19635150,0.4519502
19644719,0.6080297
19652861,0.47742578
19711526,0.5097736
19718389,0.35743597
19769561,0.57852614
19805868,0.57575434
19837712,0.38029817
19860515,0.4025781
19886336,0.43719763
19903269,0.3918272
19922031,0.32896444
19954875,0.5639409
19968378,0.5689117
20018771,0.4234443
20081482,0.57047904
20083809,0.63191825
20160829,0.55785316
20161090,0.42340645
20172188,0.35587093
20172819,0.46216035
20190882,0.19574454
20200542,0.31299528
20200583,0.3927613
20244690,0.39073613
20254708,0.2979865
20266038,0.44623128
20297899,0.5106316
20320139,0.5599393
20352822,0.43428755
20357009,0.48450392
20358875,0.38238
20366336,0.36415395
20370696,0.6513555
20371922,0.25381982
20381429,0.517083
20387931,0.5703043
20391178,0.5560938
20467257,0.52701235
20524734,0.5059685
20539604,0.5263976
20580998,0.31792498
20614300,0.5844504
20636171,0.47949207
20645905,0.39761004
20646461,0.5413903
20698661,0.40613174
20784292,0.40787268
20789093,0.3786922
20795048,0.5859211
20852671,0.43866786
20881726,0.5163148
20910492,0.39384106
20931581,0.2727074
20962886,0.44094646
20963156,0.53293693
20977835,0.50389683
20984811,0.6752062
20993674,0.42460576
20995341,0.43971443
21002565,0.40764588
21019874,0.335356
21077584,0.35483012
21143923,0.35363454
21153587,0.3994207
21215477,0.49387342
21227440,0.36702788
21248516,0.56767714
21262060,0.3511759
21275495,0.5670435
21328244,0.58524734
21330554,0.39471206
21335190,0.4259147
21396319,0.56537324
21489148,0.43389636
21493304,0.21338704
21512738,0.48258638
21527087,0.43568647
21632339,0.49734697
21638159,0.37209514
21717419,0.35103482
21770327,0.45857129
21835349,0.4687808
21842478,0.5279644
21859319,0.30410433
21865414,0.29910532
21869965,0.5139303
21871084,0.53547007
21882934,0.48868936
21883222,0.41791987
21888387,0.36028552
21940747,0.48507613
21947799,0.30430287
21968868,0.34348977
22000295,0.5562848
22061791,0.39162344
22147183,0.6457538
22161142,0.5655174
22162475,0.35983285
22179409,0.36913922
22199923,0.5915694
22203942,0.7011511
22235271,0.5524191
22242402,0.43466258
22255163,0.28329614
22331456,0.49962217
22333911,0.57682014
22338028,0.47430015
22364003,0.38527754
22407584,0.26827615
22435534,0.6812019
22490308,0.40230685
22490949,0.34230095
22544752,0.50306857
22576987,0.6298248
22617472,0.3991361
22665815,0.47992048
22669958,0.67430854
22687518,0.57476604
22688666,0.27674785
22739382,0.31941578
22756680,0.3251636
22771802,0.5178666
22772988,0.3246233
22787448,0.25221086
22850599,0.47133315
22986190,0.31244588
23014262,0.6024558
23015407,0.35726902
23030452,0.32418197
23031582,0.27795297
23060623,0.413853
23097908,0.28169414
23160845,0.47715402
23175388,0.3661582
23188180,0.32572585
23190416,0.32734963
23204999,0.42377177
23207606,0.32230958
23234918,0.38886088
23293291,0.40011585
23303521,0.57272
23329206,0.63464814
23329654,0.33027744
23370346,0.4273727
23378995,0.53860646
23404507,0.3438117
23409492,0.39244062
23410682,0.4432401
23414531,0.39289212
23427716,0.29321122
23513295,0.44305366
23524823,0.35874557
23529792,0.30952004
23667900,0.5426244
23690961,0.19738254
23696398,0.4963395
23702730,0.2901343
23758146,0.41728812
23833911,0.56122535
23834826,0.5076129
23840539,0.31068802
23849001,0.4407403
23878723,0.36199185
23912204,0.46828154
23924835,0.6023787
23940292,0.57652664
23942860,0.4695003
23993168,0.32572404
23999534,0.5289617
24048165,0.53342825
24076035,0.42322293
24076942,0.4155099
24105909,0.4226671
24114731,0.18612295
24119285,0.34248796
24133283,0.5895284
24140887,0.45138553
24186770,0.63476473
24201843,0.4862575
24224910,0.66138875
24250698,0.5151831
24270279,0.64664197
24271809,0.28352013
24316154,0.55650604
24359783,0.5144827
24403379,0.6249535
24436367,0.68771917
24485988,0.34808546
24504312,0.48722097
24521666,0.4822375
24599321,0.4498494
24603771,0.58656424
24638488,0.5238291
24654877,0.47913727
24657317,0.58589303
24675050,0.31942177
24806693,0.46870026
24812943,0.4023111
24825702,0.5533118
24840888,0.3663858
24864601,0.38351077
24885229,0.32582146
24915105,0.5255963
24951191,0.7187886
24953128,0.54008055
24965506,0.6112639
24998223,0.56737036
25008534,0.41499472
25013975,0.47501323
25014745,0.5161167
25022645,0.44713497
25059462,0.5819233
25060635,0.3874075
25063166,0.2941532
25075275,0.5570022
25092334,0.23287538
25174482,0.30934143
25203159,0.65797824
25227354,0.6490215
25252032,0.2848034
25270793,0.5520954
25290690,0.4217989
25311951,0.2828028
25365246,0.3674587
25377986,0.52998346
25382978,0.420309
25439154,0.46517125
25445257,0.41356432
25446500,0.46542212
25533019,0.5302049
25533203,0.24756262
25537795,0.36531404
25588143,0.6315852
25607693,0.35562313
25607733,0.4916776
25726952,0.6243197
25734080,0.35546225
25773882,0.5220747
25793682,0.45928383
25826539,0.29710555
25850527,0.35677478
25850578,0.48809394
25867134,0.51597244
25935635,0.37278613
25979685,0.6584605
25992960,0.6647798
26044859,0.70020914
26055781,0.48094556
26057697,0.4848343
26113070,0.5383819
26138847,0.42155278
26140894,0.31883684
26147466,0.32501638
26175533,0.39795935
26215041,0.5695557
26285318,0.66582507
26314167,0.3646633
26340343,0.5066048
26342114,0.2881093
26348533,0.517733
26358410,0.38283962
26365005,0.37111056
26396464,0.48589185
26409535,0.6730015
26447342,0.3660752
26470034,0.2570765
26485301,0.34272128
26525546,0.54838365
26530363,0.3468273
26614582,0.34635413
26653245,0.35686126
26678456,0.45903105
26689827,0.42478412
26692453,0.5512688
26698770,0.4823566
26709486,0.5316275
26746693,0.36984205
26758611,0.47813353
26847647,0.7098824
26863470,0.22660854
26952117,0.42315286
26972587,0.43002677
26983288,0.31107876
27005693,0.44981658
27015970,0.3038384
27048150,0.5649527
27071478,0.48273313
27087373,0.36489573
27133006,0.451638
27147002,0.4202116
27149366,0.4049957
27151776,0.27108157
27222211,0.30803704
27233366,0.27444133
27248700,0.5847926
27255147,0.28136963
27264666,0.42187354
27282344,0.49582896
27322560,0.2995296
27328236,0.2597062
27338380,0.4225815
27428580,0.5076889
27445778,0.526239
27558571,0.42184868
27583567,0.6307978
27589190,0.42128173
27591938,0.5445412
27592910,0.4900769
27686598,0.5639404
27747387,0.33695006
27821848,0.5495703
27911465,0.5582183
27966663,0.3851816
28008761,0.6691548
28014294,0.4101513
28035686,0.4484277
28051379,0.43913925
28057724,0.5372318
28074722,0.73574257
28081323,0.47798195
28112647,0.32160774
28118312,0.54830605
28168112,0.59339905
28212229,0.3370471
28257491,0.3941272
28336912,0.2979542
28339867,0.58551157
28396233,0.4669959
28400001,0.2655179
28423951,0.31831774
28434818,0.46755582
28444589,0.6819634
28463720,0.4907746
28551353,0.35526213
28557894,0.55354893
28564573,0.19568986
28565998,0.4875687
28606276,0.44054434
28725127,0.37663922
28759598,0.5077737
28781763,0.5217911
28783783,0.39731956
28786138,0.3680363
28818415,0.6222911
28868771,0.56817603
28870141,0.39092922
28878220,0.323992
28889897,0.41967416
28893182,0.4469674
28933074,0.338455
28934622,0.24777813
28976550,0.69002205
28982398,0.67748636
29010981,0.36859593
29011261,0.27551848
29041434,0.5070007
29053196,0.4843173
29087330,0.3722569
29099060,0.4399336
29112408,0.4001399
29117858,0.44616666
29127439,0.26682845
29132189,0.44798678
29167135,0.52957356
29183544,0.46087778
29186944,0.48156765
29267573,0.41161308
29339434,0.48199925
29353035,0.4419215
29403638,0.41551694
29442850,0.26748326
29458021,0.6777149
29493830,0.38813996
29505771,0.48957065
29551787,0.41910937
29576425,0.5388157
29587179,0.39077914
29607953,0.36184886
29619922,0.60750955
29634031,0.39201602
29709918,0.1864994
29735778,0.4017751
29765684,0.48775986
29786897,0.58877057
29788602,0.53127027
29801711,0.52551
29833434,0.45358843
29840382,0.6155181
29854751,0.3063869
29865481,0.4392418
29894123,0.53189903
29898390,0.40483287
29940715,0.45746863
29967960,0.30843094
29973417,0.478802
29983674,0.39124647
30001841,0.2274711
30006817,0.26552883
30079889,0.54569185
30085165,0.547275
30111028,0.47738916
30125207,0.41360608
30141443,0.52156985
30168354,0.42281964
30172244,0.3138846
30195213,0.44251934
30264358,0.50705683
30283845,0.39110255
30285081,0.49349508
30341243,0.5330186
30430588,0.3379752
30439633,0.58993155
30457443,0.35261732
30490199,0.37151828
30506468,0.20582126
30560785,0.39799783
30644657,0.2883643
30697873,0.60277444
30699304,0.3655686
30755081,0.2543708
30831381,0.37181246
30834367,0.5700512
30840108,0.39016637
30844520,0.48982742
30848325,0.45758194
30876640,0.33122787
30921430,0.4751323
30938302,0.29075533
31003635,0.5234887
31044034,0.45832607
31069536,0.67745876
31100225,0.36491996
31151172,0.5705163
31156946,0.34316757
31177544,0.3744444
31183339,0.35566965
31205433,0.57365596
31208282,0.43052575
31240824,0.48737398
31267301,0.35523212
31279058,0.33271095
31295824,0.32118255
31301557,0.31658816
31306497,0.35032198
31311421,0.5521895
31330652,0.30597278
31333924,0.26893583
31340253,0.43412834
31360931,0.5440026
31364323,0.63859093
31401636,0.18755189
31457538,0.6516605
31513070,0.5522319
31625291,0.26853144
31637135,0.55863893
31693859,0.35605547
31696857,0.54823595
31792501,0.6305346
31810428,0.53686976
31812869,0.37475336
31835145,0.501903
31876837,0.30494452
31886314,0.32296562
31931874,0.5777976
32036499,0.38774624
32054308,0.36900014
32092292,0.5288029
32112130,0.3678727
32161745,0.6558126
32285354,0.4242858
32312405,0.36944404
32321307,0.54916567
32351128,0.44904736
32358446,0.54490435
32374506,0.3425468
32385319,0.29889214
32395275,0.358115
32404954,0.47569796
32429624,0.7252403
32439129,0.50544447
32454609,0.25601402
32469456,0.41440132
32508187,0.32803273
32522184,0.6201335
32531135,0.47708753
32555286,0.21952668
32581473,0.54075724
32616105,0.36650285
32621083,0.30620617
32629580,0.4322102
32632097,0.39547583
32633567,0.4440476
32634493,0.41638446
32645788,0.32706115
32704323,0.72092503
32713709,0.27032083
32731799,0.28147593
32859557,0.48360047
32894421,0.24372205
32960729,0.33001244
32976089,0.24395552
33014890,0.6803031
33026740,0.2942643
33050170,0.44114763
33164073,0.6073227
33175070,0.3437347
33247582,0.6204211
33342698,0.35780695
33343185,0.5963704
33363936,0.28699633
33387370,0.4963225
33393472,0.24749574
33419986,0.4305694
33460128,0.48240155
33467462,0.4814309
33529423,0.6720787
33535313,0.39726853
33536824,0.6248562
33576170,0.61799324
33648292,0.46078765
33666459,0.47291416
33732775,0.29288283
33734077,0.32509038
33953111,0.6211691
33966960,0.3603556
33972779,0.4740461
33973846,0.31777886
34036744,0.5854653
34176319,0.4480735
34179937,0.57303566
34189519,0.30896074
34223624,0.22839409
34234802,0.67060333
34352632,0.4557635
34362299,0.4586482
34398747,0.6928991
34456298,0.59463924
34489466,0.36742002
34629057,0.4830963
34688933,0.34686413
34691946,0.48200884
34715212,0.24896465
34756635,0.670678
34787585,0.47467282
34806331,0.23594528
34852168,0.504734
34860405,0.6238979
34866080,0.39031595
34924644,0.2649096
34954694,0.694129
34964311,0.34966213
34988175,0.55205935
35005722,0.54648226
35082187,0.5413102
35138403,0.49328968
35172258,0.6626889
35184532,0.505315
35247422,0.48324615
35307259,0.5082626
35319172,0.5369059
35359347,0.24020196
35414109,0.54864687
35448726,0.46414667
35492706,0.20625353
35511212,0.49711424
35516031,0.23738423
35549929,0.45077136
35553603,0.5591776
35624532,0.39425147
35643572,0.34545383
35650432,0.46076292
35663901,0.37654048
35709310,0.42481983
35759014,0.3702423
35803543,0.56512684
35822286,0.43500334
35845743,0.4630907
35849054,0.56504095
35858905,0.47461158
35866332,0.4891181
35868459,0.21429989
35905456,0.5140875
35941928,0.4292892
35953316,0.3671643
35972896,0.6433204
35991697,0.41392106
36035955,0.46129352
36092225,0.4486856
36092410,0.32454163
36117188,0.257311
36153872,0.45259967
36162951,0.7319104
36187587,0.45929238
36305254,0.39006436
36458534,0.49957085
36482800,0.41972086
36502881,0.71616524
36517351,0.35194188
36555105,0.72555393
36557220,0.5481668
36564741,0.329995
36592809,0.4518207
36619588,0.33863702
36623340,0.5267494
36659899,0.289436
36661620,0.41521636
36671915,0.29623744
36701802,0.419532
36713930,0.3385238
36759361,0.6100355
36775363,0.3021474
36837532,0.69792783
36865104,0.46234584
36881891,0.37272868
36951274,0.66610944
36953699,0.62582403
36953929,0.5005946
36964057,0.50070554
36973559,0.44008204
36981135,0.4093801
36992402,0.3671124
37096892,0.56439984
37156682,0.55255824
37172387,0.37408134
37177066,0.5889654
37245184,0.28370556
37257010,0.5366491
37264362,0.47363198
37287632,0.38519382
37300700,0.45877013
37338139,0.2770833
37350713,0.63444054
37353898,0.34209302
37356584,0.44857714
37377974,0.42538717
37399762,0.5387329
37407799,0.4028647
37431906,0.582195
37433974,0.5838962
37436581,0.34432948
37454994,0.39143327
37466831,0.36433342
37542561,0.72441095
37618982,0.35566404
37632574,0.4504528
37690416,0.59126234
37714083,0.5473527
37784855,0.38945743
37849382,0.5151517
37863592,0.34731394
37942288,0.2404731
37945354,0.49669427
37949420,0.51052535
38041857,0.38142627
38073232,0.3238497
38120939,0.2232604
38127370,0.5602236
38149474,0.56657165
38191730,0.3241074
38209893,0.5324474
38225348,0.64008886
38251376,0.3872155
38506334,0.33412278
38598826,0.48715103
38634695,0.6021797
38648487,0.35451493
38657843,0.46637952
38659969,0.45120618
38685392,0.42800733
38688842,0.41928697
38689095,0.48678797
38691781,0.6221945
38738876,0.33910614
38809278,0.24018772
38819489,0.31604534
38880162,0.5017713
38928200,0.45286795
38946152,0.5157337
38971633,0.37420613
39015287,0.31081948
39156769,0.5171328
39170539,0.61706364
39171733,0.51613164
39186671,0.5550444
39189321,0.53969663
39214736,0.5242137
39216943,0.34022734
39222949,0.37588307
39226483,0.29394263
39295714,0.53707075
39310095,0.44208798
39351532,0.2740194
39354399,0.20308964
39358235,0.52850497
39510774,0.48893154
39529801,0.381152
39548937,0.28121892
39559389,0.35554886
39561022,0.51366353
39653282,0.39702266
39656203,0.3452791
39668351,0.43332663
39697437,0.3599716
39727926,0.3555219
39777595,0.6560764
39839813,0.54073685
39860986,0.21827039
39863485,0.41793227
39887047,0.471572
39893238,0.529423
39919267,0.28930968
39955603,0.54879856
40020227,0.4884886
40027989,0.19257835
40072019,0.43083608
40099421,0.5007393
40122429,0.4920851
40132925,0.41326064
40133287,0.54914117
40139325,0.58156514
40143664,0.42804602
40157852,0.55336577
40190777,0.26471448
40215179,0.5831675
40282390,0.47236365
40289546,0.57629836
40295622,0.5746133
40340012,0.236328
40383983,0.54681766
40400496,0.40178412
40425759,0.44634518
40492336,0.4133337
40493306,0.4174614
40495786,0.51813537
40532686,0.33069348
40538394,0.41833085
40544411,0.3281358
40595641,0.56755674
40659220,0.41339776
40676839,0.6885093
40703171,0.4131421
40746179,0.2926194
40758429,0.30058146
40831123,0.31665644
40864017,0.39828092
40949707,0.35822746
40979729,0.6400206
40996596,0.3943633
41077349,0.36562973
41089888,0.21237206
41115094,0.41910577
41214068,0.29697025
41218578,0.6931022
41220999,0.5166687
41289120,0.5439986
41313766,0.3958643
41326260,0.3433397
41359098,0.65347904
41391145,0.511563
41393715,0.20091146
41439986,0.47526437
41452342,0.5794936
41473142,0.5163721
41564128,0.4847708
41602678,0.65318924
41629286,0.3926707
41665012,0.38367257
41708415,0.60948855
41764042,0.35845608
41846184,0.32968608
41867930,0.23877183
41880269,0.6844515
41904626,0.5711814
41945496,0.40852872
41965418,0.3813037
41967614,0.4933961
42018297,0.48569435
42024119,0.39969665
42036396,0.4962247
42065452,0.4451841
42073636,0.38277894
42118302,0.56915903
42121332,0.55336237
42145298,0.5152404
42212106,0.52976143
42224807,0.36166322
42235367,0.4046542
42316195,0.41085637
42348677,0.43905333
42358512,0.3868579
42393167,0.28311425
42426678,0.5935113
42445381,0.7085359
42450881,0.3661789
42472185,0.36893344
42535898,0.35264915
42571629,0.41472027
42577027,0.3081302
42583209,0.21835232
42640091,0.4939646
42641019,0.37907612
42689265,0.33361098
42712944,0.4095972
42828657,0.5126791
42840212,0.43309265
42860196,0.38187295
42896093,0.6798156
42911253,0.46973494
42947433,0.4374984
43021002,0.63336647
43030014,0.5174537
43035727,0.47197607
43045074,0.3265849
43046245,0.588633
43074437,0.26374167
43100750,0.501671
43124703,0.507172
43175913,0.5089876
43184017,0.33369434
43192812,0.32197246
43214130,0.46887857
43243495,0.47721145
43280099,0.52258724
43300058,0.3397779
43325162,0.6049155
43346854,0.45309383
43433125,0.50397795
43453996,0.22829469
43467285,0.28499418
43506003,0.5636645
43506939,0.43997163
43556246,0.43295285
43633440,0.45162308
43669023,0.5624501
43730931,0.4718829
43751504,0.5014822
43753351,0.362811
43801606,0.30805823
43801813,0.57184184
43806960,0.22601643
43821173,0.30204424
43835016,0.29706404
43869219,0.4453591
43907938,0.45384657
43916963,0.5544026
43918581,0.33377182
43941597,0.3834495
43957579,0.6214772
43962104,0.40667164
43968005,0.39248535
43985545,0.32338837
44029891,0.5114263
44060212,0.6416209
44103933,0.3206982
44124299,0.38119024
44130839,0.35384256
44160245,0.44381136
44199037,0.62179345
44199795,0.5631361
44274164,0.42723134
44284908,0.33827978
44319799,0.35584822
44325600,0.3532119
44416819,0.39385444
44455642,0.38967216
44464397,0.5912633
44466557,0.58909416
44495229,0.53882736
44515592,0.3015727
44521922,0.4421418
44570920,0.72453713
44581567,0.42772815
44593028,0.48584858
44632666,0.6102615
44632825,0.4718276
44662423,0.57909906
44666684,0.6971139
44680427,0.49724278
44708064,0.4304652
44714700,0.3153653
44733932,0.3892721
44758820,0.27099746
44771419,0.30445746
44772204,0.44729868
44829111,0.4612076
44859190,0.46940714
44865192,0.6230728
44900801,0.6672304
44933464,0.30823317
44953616,0.31724617
44982602,0.3108782
44995851,0.43654615
44995890,0.5111009
45082517,0.4593373
45114388,0.44356692
45173444,0.36006537
45203352,0.46335697
45211171,0.5695008
45225176,0.27630514
45339969,0.27144697
45340584,0.45486972
45348722,0.38538507
45427100,0.42869157
45431238,0.44985905
45459901,0.32584712
45482726,0.44317502
45510423,0.4436767
45512022,0.31475332
45516707,0.27953556
45525762,0.40614232
45532887,0.38677764
45557459,0.5813964
45567492,0.30199572
45575726,0.3649888
45600604,0.33818123
45646491,0.46737587
45659157,0.26156327
45691735,0.3466583
45696212,0.367177
45701606,0.5325104
45702843,0.43093827
45709137,0.26866195
45757089,0.27933562
45758154,0.48092306
45761613,0.4930065
45772959,0.26537275
45846624,0.35923505
45882698,0.3728704
45885513,0.3142711
45897442,0.50812906
45951692,0.71386826
45959906,0.5025637
45982409,0.41437408
46037128,0.7315249
46062086,0.2821081
46074662,0.48037544
46110124,0.2612706
46134404,0.56184036
46134994,0.63365716
46142955,0.39663708
46148987,0.6057055
46217685,0.304567
46259146,0.33092645
46270513,0.43873283
46314531,0.5083304
46354312,0.28335714
46355843,0.3256716
46366568,0.5324718
46377895,0.5147721
46392653,0.38653255
46413661,0.2849947
46519103,0.34376812
46573779,0.28126788
46581047,0.6973842
46606761,0.4960007
46698940,0.43036813
46705143,0.4457061
46740639,0.55614495
46783234,0.34153414
46812240,0.290975
46890366,0.22168365
46911385,0.36464617
46949310,0.28158024
46982480,0.50659996
46992221,0.49490067
46999340,0.6680365
47056744,0.6070248
47117781,0.4519199
47160860,0.407782
47169483,0.3598674
47170303,0.58119076
47173984,0.65051186
47263147,0.4170906
47304072,0.5056047
47328757,0.61593586
47350031,0.33911702
47365105,0.3169751
47403260,0.62473714
47409590,0.41597828
47429651,0.5532041
47446562,0.33749798
47446589,0.6096455
47450374,0.30947328
47474125,0.39727214
47490635,0.30460814
47570953,0.37577993
47589106,0.30860662
47607230,0.36683917
47618927,0.46315768
47652409,0.24078189
47742763,0.3307501
47812425,0.44705638
47852172,0.3457455
47895869,0.6113578
47937805,0.47465283
47960112,0.34592578
48023957,0.46841484
48026850,0.26179022
48038681,0.41189495
48047924,0.5072168
48048713,0.4649081
48098545,0.26838475
48150301,0.6174959
48156344,0.5779086
48172242,0.6406069
48198100,0.4079333
48224220,0.4585338
48241710,0.50733286
48259494,0.3754802
48289042,0.3679373
48303453,0.41503477
48417683,0.6650693
48493498,0.5302903
48503602,0.4424773
48611938,0.42800277
48629324,0.41824016
48644905,0.25512248
48655419,0.45168158
48675742,0.65345097
48719830,0.35936025
48746395,0.25207388
48755198,0.40069225
48765335,0.28237462
48770474,0.46953052
48771470,0.46755973
48802270,0.2523695
48805691,0.4178031
48857176,0.29421362
48895853,0.5130517
48923266,0.5349448
48925997,0.4132628
48931494,0.2717698
48971428,0.34017587
49009430,0.47146124
49035738,0.4142631
49061170,0.2614149
49078030,0.5557983
49083661,0.32918167
49095286,0.37030262
49111108,0.34027684
49114415,0.34774452
49141264,0.39772865
49163174,0.5765384
49182911,0.35277456
49220108,0.7188047
49238238,0.40499344
49254761,0.5229304
49285735,0.48150694
49288762,0.583683
49290573,0.37477314
49314147,0.34329695
49339691,0.62890565
49365990,0.63405335
49386123,0.31184354
49400049,0.51352227
49463493,0.48173547
49465640,0.4449998
49502156,0.3708757
49543927,0.49857554
49572519,0.50537866
49599491,0.5992117
49600907,0.65483695
49604034,0.31538546
49605134,0.49992353
49637817,0.39485368
49648180,0.58448905
49697655,0.4884774
49704666,0.32397392
49749306,0.3424927
49787865,0.4030499
49815462,0.40274903
49867312,0.36796322
49876971,0.4429353
49895677,0.56217825
49903756,0.40182772
49917050,0.27987736
49929502,0.548425
49979298,0.20760518
49980897,0.33475125
50000543,0.40220124
50032971,0.5139052
50034854,0.21292965
50068531,0.39690137
50082056,0.21019499
50116864,0.20446387
50130368,0.27850693
50185359,0.53184813
50188105,0.33515045
50188702,0.408327
50194173,0.33948436
50244445,0.5581883
50246189,0.30571106
50281345,0.58379376
50281633,0.40119603
50340227,0.62018424
50371871,0.49959478
50389406,0.57166594
50423414,0.41485372
50571226,0.3752728
50594749,0.54810476
50598019,0.3762408
50606306,0.34656778
50628612,0.39878884
50677956,0.34727666
50707517,0.35422045
50734471,0.37945953
50797491,0.38469446
50825253,0.30101493
50921161,0.4434952
50988636,0.51899046
51025144,0.41125962
51059596,0.29302403
51070933,0.46512306
51189320,0.27177763
51314893,0.52671504
51324138,0.49682748
51333196,0.48937294
51392158,0.32702515
51413878,0.30936563
51464163,0.5524636
51468263,0.4280477
51468266,0.3552767
51499900,0.36032668
51543682,0.29471046
51549457,0.5729367
51553625,0.3441059
51615730,0.4915565
51619523,0.62819237
51641762,0.45912418
51643659,0.37008226
51734050,0.50840896
51740699,0.7036258
51745515,0.37670064
51822302,0.5107814
51838392,0.44652832
51839664,0.46433133
51845087,0.61361206
51861640,0.32545027
51886931,0.5315993
52091338,0.30698183
52131601,0.44600478
52164822,0.41364542
52175576,0.26297587
52216376,0.29328975
52275965,0.6290668
52340213,0.48323557
52358368,0.7094398
52382187,0.542616
52424807,0.6709036
52433000,0.53584105
52489320,0.549493
52518753,0.43558675
52549295,0.57150376
52575122,0.49709544
52586875,0.32223257
52588558,0.42212114
52591439,0.4021686
52594600,0.46631148
52612001,0.72900194
52623227,0.37920934
52636150,0.57516
52658741,0.46451148
52659936,0.5533114
52662094,0.57007396
52685147,0.40652913
52740417,0.50199115
52749529,0.23747261
52802973,0.3553341
52823541,0.2698541
52840860,0.360534
52874920,0.32459882
52920077,0.5298391
52942037,0.25165206
52999771,0.30674496
53010322,0.35499835
53053662,0.43248352
53056498,0.5242656
53094781,0.18302295
53270690,0.47671342
53275229,0.35489115
53355085,0.5928811
53361712,0.44745559
53430793,0.31843266
53443876,0.43108487
53456419,0.695374
53468179,0.60047716
53470175,0.36657402
53492952,0.52765363
53522229,0.5699418
53551644,0.51106507
53589977,0.37514505
53610753,0.49613613
53653672,0.34156927
53742244,0.5044234
53748811,0.67623866
53754591,0.44738165
53755004,0.64617705
53796916,0.578748
53799749,0.5151555
53817387,0.5231898
53818229,0.6577187
53848566,0.2770201
53882112,0.74231756
53889389,0.44804507
53901395,0.39972964
53923485,0.4462296
53930440,0.51007634
53931678,0.34836626
53979285,0.48566872
54002443,0.40924448
54007135,0.70986354
54022699,0.29566446
54029679,0.29603475
54047312,0.4963986
54083546,0.4513381
54096213,0.33456406
54129921,0.30991897
54130460,0.46790928
54209192,0.57648534
54236542,0.5601247
54281801,0.47511625
54372604,0.59662014
54378637,0.25990584
54418606,0.48129776
54421340,0.61477107
54439127,0.42736286
54441407,0.36389986
54460104,0.63664496
54485932,0.41125563
54491451,0.31719208
54518053,0.34121543
54555974,0.3350085
54741237,0.63914484
54779436,0.35102826
54889824,0.39032176
54982898,0.52402973
55003434,0.5626562
55013765,0.29594815
55038839,0.54280394
55048771,0.34135383
55076114,0.42129022
55083943,0.44396713
55088715,0.16366729
55108009,0.49768487
55115986,0.31161386
55155321,0.3238064
55185794,0.3442367
55192578,0.27511954
55199234,0.4745929
55221263,0.43328226
55234961,0.31853664
55251709,0.53338605
55253976,0.5799895
55271010,0.39326793
55357207,0.46769473
55358788,0.42582718
55369363,0.38910365
55388963,0.29195657
55418175,0.44876707
55483265,0.39549664
55529265,0.68652564
55534785,0.6475306
55541324,0.444524
55552772,0.18675976
55586299,0.3455546
55651106,0.34810886
55675702,0.5644727
55708924,0.56677985
55713164,0.33472523
55746723,0.4021069
55762156,0.28293684
55793767,0.37244603
55799185,0.49969953
55838594,0.50254285
55864383,0.51328844
55875274,0.3755303
55878885,0.26212448
55919477,0.47150534
55943826,0.59164387
55961571,0.3961161
55996916,0.5241324
56000334,0.328065
56012853,0.33175716
56017905,0.59624016
56075018,0.5878562
56086567,0.5108223
56101679,0.48906675
56129260,0.49341154
56159156,0.5523244
56179132,0.5324223
56187152,0.34459803
56196393,0.6130868
56198812,0.30775237
56220704,0.7272938
56228080,0.6206698
56342135,0.37762776
56389592,0.54307216
56419413,0.38540733
56420052,0.3984408
56422922,0.37853348
56439236,0.496463
56485020,0.4609021
56486360,0.6449161
56519127,0.549963
56565030,0.48868737
56578583,0.46365383
56589562,0.3637309
56606368,0.44491994
56709831,0.4607775
56755639,0.45902532
56763587,0.436733
56783348,0.5065548
56783691,0.59568876
56786565,0.31590548
56794966,0.5125246
56818375,0.31211358
56887029,0.29506207
56936197,0.4501922
56937730,0.3394175
56939523,0.24818496
56980102,0.31297183
56988646,0.4321813
57006070,0.56595284
57042441,0.2706342
57045393,0.41090736
57050358,0.3375735
57070076,0.29756957
57153147,0.62929726
57215636,0.52598584
57220983,0.57540095
57249461,0.5769888
57288373,0.2887996
57293688,0.37512395
57295414,0.49069503
57309825,0.4092852
57375958,0.43023682
57451464,0.43604746
57512566,0.5237663
57591916,0.5349836
57595813,0.33006382
57604938,0.31590694
57665351,0.3273533
57690486,0.5374527
57749040,0.4329185
57753982,0.49384016
57757650,0.62477374
57775609,0.3743822
57823642,0.36952183
57847550,0.35141844
57850427,0.20577018
57886259,0.35863543
57891135,0.4308668
57919012,0.37518194
57928592,0.64081836
57945406,0.7063126
57948758,0.49573416
57984645,0.49417198
58004721,0.6715565
58006798,0.63986045
58021788,0.40727907
58023930,0.49594545
58038456,0.4062284
58040316,0.36700532
58046523,0.3587821
58075552,0.61373514
58082547,0.30091238
58084771,0.5448188
58163794,0.5039834
58199695,0.32612932
58266143,0.5765547
58355955,0.4342872
58444075,0.5969763
58473772,0.5163409
58587337,0.31828526
58609411,0.3071616
58610022,0.40045917
58691571,0.3613071
58713656,0.4162967
58754755,0.6808668
58822685,0.31750974
58838122,0.7054279
58849512,0.5402552
58850590,0.6376963
58851931,0.30149847
58927964,0.4172506
58939019,0.31674862
58979178,0.24675865
59001640,0.27566853
59053159,0.43077928
59074588,0.5503418
59149631,0.40822667
59167103,0.5012772
59211382,0.47635633
59233664,0.6030558
59298345,0.33295593
59313494,0.37316164
59349430,0.3302727
59396928,0.31905505
59447114,0.24249876
59500358,0.43041342
59561460,0.50615174
59612277,0.43119574
59624852,0.3648558
59627043,0.34811094
59651963,0.47282508
59709592,0.46709347
59723709,0.4756108
59728965,0.55500233
59763029,0.307558
59818124,0.5368929
59836870,0.53121305
59839451,0.30604964
59848566,0.4994812
59863981,0.3977534
59867751,0.473431
59871591,0.66716254
59880944,0.30229864
59912360,0.44700348
59956175,0.6859452
59994859,0.24627167
60004384,0.5435402
60026690,0.21597682
60029265,0.51801306
60037001,0.42338276
60046225,0.46351165
60064419,0.41561958
60070226,0.25981706
60073858,0.48460323
60111796,0.48612568
60130204,0.5054702
60145396,0.21774141
60183563,0.29059497
60185978,0.3706636
60228118,0.28378955
60248313,0.387874
60309698,0.27595136
60320033,0.4406878
60340891,0.6917117
60374532,0.46180955
60405817,0.41074812
60434712,0.3255288
60446415,0.45534006
60516576,0.6162099
60525551,0.2802902
60545607,0.5583069
60708146,0.3966879
60743141,0.3059038
60743656,0.33588147
60751900,0.24390474
60791671,0.3465341
60859745,0.35611326
60895734,0.5091237
60922466,0.42946726
60944935,0.2597018
60953316,0.28628457
61009373,0.3525751
61016907,0.50993884
61034383,0.6813359
61077537,0.60414743
61078488,0.6277824
61123305,0.2513017
61133128,0.51163137
61145296,0.4114232
61192669,0.55975336
61197025,0.28107932
61225878,0.3414039
61244703,0.59285533
61287858,0.53755516
61301814,0.3341232
61312532,0.2523916
61317308,0.49775705
61324530,0.43681404
61335203,0.4355304
61385934,0.27914527
61436963,0.43384692
61444633,0.33755714
61455368,0.3247189
61463117,0.6477099
61463328,0.6737179
61511533,0.39664963
61520864,0.6931607
61542297,0.47423047
61561173,0.609923
61598535,0.2940706
61613971,0.5032636
61628505,0.4488245
61630225,0.5619075
61710092,0.5169574
61713959,0.5154336
61715380,0.43934733
61733281,0.50457066
61758325,0.326131
61774332,0.5288885
61781661,0.29696652
61783531,0.59598625
61796054,0.6793784
61799579,0.48398823
61813188,0.4304379
61845978,0.45612988
61853422,0.44520095
61942604,0.4909298
61968077,0.49016577
61978280,0.67548156
61990441,0.40007332
62001381,0.67197585
62030642,0.3380336
62044192,0.2518966
62052075,0.43977594
62140553,0.3474667
62155762,0.5946018
62168921,0.3311167
62186405,0.43048757
62245522,0.37183017
62258087,0.5146582
62309471,0.7539937
62337080,0.5700893
62353531,0.3520738
62379003,0.3708338
62408292,0.3719694
62408586,0.50226873
62423418,0.31945696
62427467,0.526121
62434324,0.32780504
62509484,0.6224893
62572152,0.24275438
62586401,0.38756317
62598132,0.71608377
62666744,0.20909777
62679832,0.43261454
62727101,0.3069407
62745906,0.46166915
62752982,0.5432254
62760931,0.21000922
62778413,0.42972445
62821040,0.56817764
62832400,0.27720836
62886702,0.43384114
62903374,0.51055604
62935972,0.4595506
62941427,0.59917295
63022546,0.44126323
63030316,0.5327374
63109769,0.55575496
63110013,0.5544893
63114071,0.55219924
63133456,0.36332193
63144428,0.3259614
63146105,0.3530207
63233186,0.52487814
63254157,0.5366785
63265381,0.6532057
63273720,0.31737208
63281295,0.5124344
63299169,0.5144851
63304022,0.28239748
63387944,0.42381272
63389358,0.3619419
63394997,0.4855035
63445893,0.56637025
63451946,0.6403146
63474988,0.46043247
63476418,0.4838308
63481603,0.38421357
63532469,0.4875376
63578851,0.43957856
63581453,0.27024207
63640377,0.5814861
63654730,0.4455387
63660394,0.41572636
63661024,0.649072
63688905,0.3861005
63711780,0.2225975
63720618,0.6688341
63738439,0.3561386
63770741,0.31082764
63791366,0.6237886
63801566,0.4050622
63815810,0.31715578
63833221,0.45449328
63842332,0.32431537
63850645,0.35164425
63852015,0.453344
63862815,0.47783187
63879297,0.4145435
63880907,0.23154095
63886354,0.55864453
63923246,0.39219555
63944126,0.24610183
64004910,0.49555528
64017478,0.29817846
64026830,0.26953143
64029834,0.455571
64056554,0.6258962
64070636,0.47092497
64087631,0.45039418
64128304,0.6394876
64136501,0.52149457
64152962,0.40368322
64172822,0.3334596
64228662,0.5551775
64243199,0.545754
64261604,0.41489074
64312830,0.30714473
64359200,0.46517056
64398432,0.4324171
64410602,0.31908745
64472759,0.59741724
64497822,0.60156006
64510946,0.43422982
64568634,0.24038407
64612686,0.27792093
64615129,0.2650297
64627292,0.3474345
64634486,0.3990773
64647717,0.3060782
64689367,0.67376506
64694340,0.66065216
64700052,0.24909964
64718123,0.6723213
64727059,0.20382558
64756863,0.5286388
64772015,0.5022169
64829915,0.5632308
64855819,0.41848046
64862509,0.47443077
64879985,0.3273871
64887559,0.6294635
64952541,0.5581967
64956931,0.58323103
64977335,0.21257097
64980975,0.31849533
65015384,0.26809746
65082603,0.3037992
65102839,0.57686937
65105434,0.3091132
65154523,0.5029425
65158867,0.441112
65218458,0.28865725
65220358,0.5201383
65220466,0.5007452
65224677,0.5393603
65231233,0.21579394
65234865,0.39571154
65283526,0.5011509
65298387,0.26679477
65309740,0.47597644
65335407,0.5458985
65335641,0.5651743
65384696,0.50621665
65393099,0.53456694
65423932,0.40708664
65460714,0.5236863
65460931,0.4712297
65526075,0.47537872
65608139,0.47876656
65639862,0.5893159
65658944,0.5804584
65734444,0.46451846
65745245,0.5535813
65758751,0.60959214
65876954,0.49111652
65891854,0.5113065
65933176,0.45765394
65945953,0.40726796
65956325,0.46024695
66061266,0.4319539
66096689,0.33423954
66119425,0.5087787
66143775,0.36348686
66146116,0.37009576
66171394,0.37189758
66190992,0.4593955
66206996,0.50528663
66227697,0.3954285
66241278,0.39986494
66256416,0.6040167
66287048,0.3810647
66367958,0.4977864
66372978,0.6355269
66391854,0.48888195
66418902,0.69556975
66434526,0.3880578
66495185,0.5984391
66532772,0.50145334
66557169,0.20737584
66575542,0.25341332
66588178,0.6089541
66628884,0.36608875
66679335,0.6044157
66714675,0.3956077
66717911,0.34613124
66738934,0.48123747
66743297,0.3714595
66751696,0.62086153
66802399,0.67355317
66813517,0.46831843
66838542,0.64636946
66843516,0.37658623
66864421,0.45459762
66894927,0.38688445
66956350,0.27634725
66986757,0.4027865
67014164,0.5615934
67080684,0.4932457
67087438,0.37624893
67088724,0.6468439
67106063,0.31288257
67175981,0.502007
67216029,0.3074883
67257684,0.49809766
67271436,0.46860176
67280871,0.38618577
67327004,0.59102225
67334854,0.24757414
67383663,0.35829023
67453486,0.52486944
67473291,0.6233287
67480620,0.33151796
67595521,0.33248785
67596113,0.5620286
67628722,0.5148234
67642602,0.4589436
67650676,0.51467013
67665729,0.328391
67680924,0.5763417
67710245,0.47500637
67715187,0.2890885
67761403,0.5147023
67818644,0.5520887
67828097,0.38120311
67843345,0.44288215
67874003,0.6299054
67881606,0.2532674
67939153,0.38963842
67945756,0.35670504
67948907,0.26874098
67984042,0.52678365
68051153,0.35694402
68089024,0.4724672
68090845,0.35548612
68123922,0.64630723
68173839,0.43371022
68178858,0.45765933
68191064,0.5108775
68234295,0.60104156
68248010,0.5876035
68257594,0.4860423
68273832,0.5403474
68326027,0.48017734
68368659,0.5806591
68371332,0.42552075
68393589,0.40832907
68399884,0.42447174
68428305,0.5390298
68540284,0.56612027
68600759,0.5654218
68651573,0.37404785
68742453,0.3633271
68753997,0.3656077
68779832,0.1876006
68799656,0.23564549
68800304,0.41351396
68824824,0.3231914
68845980,0.5357629
68874729,0.37534362
68885379,0.5922636
68961483,0.4680855
68961647,0.7277711
68988272,0.5525622
68993750,0.55649495
69057138,0.23881081
69086434,0.52810436
69131449,0.6150071
69132063,0.2881423
69142971,0.53161097
69148229,0.3941584
69200489,0.50582945
69202436,0.31520966
69284063,0.46061784
69313142,0.4992734
69401263,0.580144
69447665,0.43895388
69487700,0.21335143
69512175,0.22957565
69524587,0.42955673
69546316,0.322441
69586432,0.30111375
69587520,0.33854955
69609386,0.31770894
69613297,0.4473552
69628963,0.23395604
69639969,0.39888805
69683810,0.31766167
69693001,0.50678235
69705190,0.7407738
69711372,0.39072672
69715217,0.6295129
69765249,0.21356836
69781882,0.37704334
69782822,0.3340166
69868888,0.3892213
69886005,0.6037301
69925212,0.27798432
69973522,0.45374623
70027904,0.62531227
70050692,0.4181193
70067992,0.5285173
70114420,0.35259852
70128202,0.54265505
70143123,0.42757976
70168817,0.40966904
70178916,0.45660162
70207491,0.33468157
70225938,0.5173142
70255884,0.4998528
70259852,0.43532607
70277633,0.5475484
70302931,0.2167225
70306450,0.41399327
70323790,0.6141074
70326821,0.3210983
70360096,0.5167468
70391198,0.2715608
70420440,0.47061253
70426342,0.45492896
70431954,0.31171593
70454187,0.34475452
70473209,0.69745386
70486266,0.51334125
70502896,0.33483046
70510571,0.47083715
70525253,0.40656906
70532099,0.39679146
70570397,0.7246505
70585961,0.5922516
70624880,0.3166212
70635851,0.4841741
70666604,0.64600384
70678764,0.392896
70690635,0.6394137
70711430,0.5179362
70734869,0.45527908
70738904,0.6633339
70749151,0.35922945
70756441,0.39001969
70790743,0.4947434
70819605,0.20129295
70837587,0.7093338
70848169,0.45090157
70883403,0.58162194
70888346,0.42157814
70892549,0.26314685
70892783,0.34318754
70895667,0.4513042
70921924,0.3836689
70930381,0.30195928
70939175,0.45358568
70972809,0.5278226
70982049,0.56678075
71000193,0.48038858
71118529,0.17800738
71160914,0.2972531
71172808,0.7011343
71190411,0.44373173
71211832,0.5881937
71213789,0.33563647
71225839,0.6038842
71256126,0.26422572
71263781,0.24218819
71311316,0.3825959
71466187,0.34798577
71471760,0.30059463
71485222,0.4932545
71513657,0.4199794
71516645,0.57901275
71549503,0.4874497
71577803,0.4428283
71599076,0.4398225
71607343,0.3675873
71632352,0.58032304
71644043,0.632438
71646377,0.5836416
71648241,0.68000704
71654211,0.634896
71719624,0.41225523
71746746,0.5703534
71759640,0.36751205
71763484,0.46014303
71803482,0.58195585
71812094,0.39275956
71835764,0.45391658
71865788,0.37834984
71867287,0.364728
71874115,0.40626666
71902723,0.3528121
71911679,0.51454735
71922409,0.40725398
71966532,0.29148218
71982064,0.4632568
71996109,0.47940645
72033624,0.66414
72078831,0.45518628
72087231,0.44503543
72099201,0.5122611
72107908,0.5912136
72149080,0.34840566
72188664,0.4958894
72200763,0.472031
72224381,0.62619555
72301958,0.33086318
72327046,0.6691796
72430383,0.490138
72469614,0.3698106
72470388,0.5834623
72530373,0.2694052
72534932,0.50515974
72547488,0.5110059
72566501,0.49235848
72568668,0.49890864
72570760,0.3550993
72575284,0.61736906
72576023,0.32415563
72577730,0.35339823
72586209,0.3835269
72605688,0.47170165
72617904,0.43651816
72646455,0.43354803
72662346,0.6208885
72665325,0.5542507
72674186,0.5239121
72735622,0.44737563
72760153,0.5464553
72780460,0.38179433
72802446,0.51320535
72805553,0.63979506
72805662,0.2934939
72818498,0.29790613
72834202,0.55040574
72851893,0.4680449
72855316,0.5381429
72896314,0.33293405
72908719,0.55506206
72921986,0.52378064
72943900,0.70722175
72956635,0.52746415
72959227,0.37986743
73001101,0.25111142
73006095,0.41166756
73020625,0.29109466
73024764,0.39951864
73025235,0.357279
73031784,0.59983426
73033241,0.36453384
73067127,0.42974123
73110554,0.5095508
73117692,0.5559803
73139150,0.46951717
73182529,0.47896335
73197097,0.56000566
73197417,0.39203694
73205353,0.6360935
73221113,0.37584075
73227910,0.27995926
73238226,0.64064634
73257334,0.2192592
73263137,0.46447542
73263344,0.5416454
73300172,0.42064893
73374980,0.50345546
73380812,0.46748653
73402777,0.29387248
73426176,0.19382197
73448532,0.30394435
73459433,0.56804323
73474493,0.43312553
73510477,0.24702601
73538858,0.5203841
73580357,0.39399222
73584882,0.39761698
73599818,0.44295666
73649979,0.58525574
73685445,0.31892213
73778310,0.5106263
73778579,0.4315061
73895152,0.5509585
73963911,0.2549924
73972092,0.6131267
73985249,0.36722836
74040897,0.5605247
74041795,0.29524213
74082471,0.39592612
74085720,0.48179004
74129296,0.4153904
74132202,0.1875053
74134155,0.3469705
74144325,0.3386214
74173548,0.59635663
74218826,0.49175128
74280926,0.47422442
74285914,0.37999493
74331777,0.5213994
74332639,0.24219467
74351422,0.5715841
74428668,0.3819448
74476679,0.53605556
74619328,0.42208508
74639060,0.44896358
74667149,0.66078424
74708086,0.42129767
74760028,0.5033839
74800099,0.49213052
74854618,0.6308836
74856664,0.47314468
74870263,0.42986253
74878201,0.58565164
74917343,0.3601823
74942122,0.48462877
74951485,0.49729756
74975576,0.34853828
74993422,0.6245012
75078586,0.5691521
75082331,0.5890303
75101515,0.44568387
75131411,0.28039274
75152402,0.689732
75156736,0.46589565
75215258,0.24610093
75278479,0.54983944
75346002,0.49262613
75360806,0.29244435
75405781,0.50804275
75405930,0.41233945
75439876,0.33964545
75445093,0.5920911
75463975,0.35761702
75472683,0.4793579
75474815,0.38310382
75496316,0.42959166
75521890,0.46775648
75562265,0.6391637
75562483,0.32950115
75581098,0.37660736
75724912,0.4792051
75733224,0.35285556
75739243,0.34832016
75846272,0.33370015
75859815,0.4013092
75991312,0.5429432
76010375,0.50437146
76012702,0.65539706
76043922,0.4678075
76058479,0.43397975
76071190,0.49350134
76096102,0.27903223
76111213,0.53511995
76113396,0.7307682
76123682,0.4371861
76132762,0.32680568
76182785,0.39215127
76275465,0.25660837
76279638,0.2621911
76295130,0.30384418
76313007,0.5320073
76316323,0.63905704
76343616,0.31655547
76348095,0.48645794
76362870,0.23345625
76389630,0.29593143
76477099,0.45795345
76508197,0.36418888
76547967,0.48738196
76566285,0.5963664
76580001,0.4207594
76598280,0.55297554
76606343,0.39947084
76655905,0.28131446
76716437,0.50575274
76722928,0.33062786
76770632,0.5729868
76844676,0.60672617
76844980,0.52204186
76922612,0.48495242
76924312,0.62539345
76932822,0.3614338
76955574,0.37851492
77005402,0.2611937
77010833,0.62832946
77019439,0.59842885
77031071,0.30842057
77044325,0.4214031
77084405,0.5964244
77134120,0.5293784
77148640,0.6401564
77169964,0.43301362
77190492,0.6434065
77197301,0.49704066
77226156,0.24081701
77245317,0.24652745
77249213,0.25345966
77258785,0.6391822
77275321,0.62775695
77277302,0.52616614
77283889,0.38165912
77320734,0.34575322
77388478,0.33219582
77391649,0.5192034
77435966,0.3064957
77493006,0.23048073
77592534,0.23028469
77634195,0.62137127
77686369,0.61317956
77740256,0.22446759
77742800,0.34760666
77773677,0.58388776
77825659,0.29398048
77856088,0.4387921
77862154,0.3085616
77874706,0.43409303
77880992,0.32477975
77992281,0.3187064
78016866,0.6235178
78045598,0.31998917
78066879,0.4132859
78085289,0.5792882
78103849,0.2502482
78121191,0.52215713
78153509,0.46979895
78186078,0.5835101
78202726,0.3973609
78223460,0.551385
78237178,0.45598364
78374578,0.424775
78408006,0.51055753
78476887,0.37140924
78541979,0.5556499
78548598,0.48286277
78567402,0.44861093
78585529,0.23557904
78593569,0.5244997
78629672,0.38150573
78649713,0.32127887
78665301,0.6268345
78714161,0.36884636
78728860,0.382811
78737613,0.53147304
78738215,0.6818971
78771111,0.361174
78847089,0.55854344
78917074,0.2880413
78941524,0.43771508
78955924,0.34814724
79038293,0.61299646
79161779,0.3091611
79180109,0.50942826
79206023,0.31009755
79234200,0.28525978
79234235,0.49129722
79244056,0.2693339
79244627,0.26970533
79274575,0.36386138
79278466,0.53043026
79280282,0.33872542
79286032,0.4105488
79340305,0.26029924
79363745,0.2829687
79405352,0.4938983
79414195,0.50949293
79422293,0.3293232
79424199,0.5241433
79431697,0.25166428
79434044,0.48465547
79452683,0.44739467
79471746,0.3922248
79482155,0.44126713
79492634,0.38395306
79503987,0.4080671
79518624,0.34093451
79583123,0.33384377
79620564,0.47401288
79637922,0.41965088
79708376,0.41381583
79717877,0.2249648
79733502,0.49355286
79743129,0.45093983
79784743,0.42056096
79791349,0.3390573
79840653,0.47657713
79867228,0.3972662
79875919,0.52819747
79937759,0.53197885
79963943,0.39619717
79986613,0.41482607
80021276,0.36590126
80092328,0.52168596
80112107,0.30114022
80127004,0.34238052
80140412,0.36371237
80174742,0.4529252
80216017,0.4070025
80219999,0.35286325
80223109,0.44754136
80229606,0.52066845
80235969,0.23198178
80240089,0.43767276
80247250,0.643897
80269026,0.59850955
80278552,0.45530808
80292281,0.71502066
80301732,0.4916186
80324834,0.6107689
80339866,0.6018728
80383406,0.40366492
80410859,0.6377603
80444902,0.28532514
80470048,0.30323228
80557463,0.52147996
80591981,0.56055033
80599627,0.39961576
80599806,0.6810615
80600060,0.28746966
80615590,0.47216687
80647302,0.41111648
80680534,0.30209747
80742712,0.48124462
80777190,0.24367519
80777234,0.4165346
80783299,0.5664746
80795846,0.49434072
80795959,0.39085722
80877376,0.44772425
80882045,0.39970815
80902013,0.4784346
80921652,0.5441301
80932478,0.64716375
80946485,0.39281645
80954841,0.42980716
80977744,0.4073661
80981100,0.44279832
81019657,0.44590208
81058555,0.4453928
81086442,0.64412725
81135337,0.34540814
81170837,0.3731503
81176688,0.32755354
81186549,0.45988703
81205414,0.3615176
81205700,0.60782635
81249417,0.39012071
81254554,0.54375947
81283191,0.31136218
81330533,0.5774125
81331404,0.5287104
81374126,0.3045685
81428597,0.34341568
81429049,0.27930441
81442390,0.3281506
81456554,0.35063854
81479825,0.49406087
81483040,0.34576645
81583222,0.24752457
81671241,0.53456086
81727321,0.5153144
81765820,0.50798887
81812013,0.5041773
81862398,0.3176817
81887146,0.4416061
81898530,0.27001578
81900784,0.3710546
81972666,0.3846576
82029848,0.42407984
82064262,0.5548887
82070267,0.4060708
82114742,0.52756155
82127108,0.6662983
82174396,0.22346872
82186195,0.54305804
82192368,0.42066485
82234503,0.2922422
82244228,0.2283591
82252018,0.32854244
82268474,0.34554312
82294843,0.30993557
82308369,0.45556995
82376585,0.3749139
82376700,0.3656891
82384335,0.37198564
82433747,0.48781106
82539477,0.540994
82547399,0.5010351
82561709,0.365379
82581973,0.58982635
82596628,0.5200416
82665096,0.6091807
82670667,0.32566258
82683681,0.5752517
82720641,0.3780147
82759519,0.54967654
82760821,0.28454757
82772349,0.642782
82777964,0.3706146
82797588,0.3657178
82798642,0.24690974
82839957,0.24717912
82873839,0.38952446
82904098,0.53296554
82906365,0.34779233
82934797,0.3795831
82970785,0.38181904
83017118,0.41463193
83072268,0.6248415
83073247,0.5192502
83193869,0.6789248
83203206,0.47180644
83215423,0.53798485
83216267,0.35298935
83258118,0.5271374
83260097,0.5421864
83261662,0.40902522
83266060,0.74648565
83334930,0.47146165
83340880,0.6496069
83370979,0.58088404
83399464,0.22488451
83441417,0.30888855
83490400,0.42867997
83517007,0.40378594
83519788,0.18605384
83566651,0.48932225
83627582,0.6286587
83720437,0.3543306
83724633,0.53566015
83759123,0.71303046
83793452,0.37684524
83846827,0.35401374
83902689,0.5119254
83907805,0.2836515
83941637,0.39045566
83943760,0.6532061
84077404,0.49408904
84080831,0.4819613
84103169,0.355005
84130274,0.43768117
84148408,0.5771735
84155118,0.4132899
84155622,0.4929795
84194040,0.53502965
84203354,0.5591974
84277284,0.38335112
84380814,0.25482014
84403363,0.39097035
84422977,0.4587848
84425967,0.63991207
84430668,0.44243982
84457808,0.3388629
84477305,0.6395826
84499692,0.4416738
84534351,0.5092538
84561375,0.1678919
84576470,0.28749087
84591427,0.29541427
84592673,0.3378054
84608194,0.49803555
84656973,0.2888582
84674282,0.5070997
84710659,0.31123888
84734887,0.52026564
84795885,0.31889448
84816985,0.2923384
84841544,0.54625213
84846919,0.6228315
84848102,0.26325566
84868136,0.5581642
84940280,0.51481616
84979902,0.5732993
84998727,0.48407972
85086733,0.43929598
85102588,0.32262903
85169712,0.52005875
85187502,0.5284374
85202027,0.63638586
85219732,0.3294135
85284514,0.53013235
85302434,0.33899257
85372378,0.33059138
85384756,0.38979027
85493138,0.31045407
85572010,0.5964518
85614078,0.6291698
85626879,0.54967165
85635610,0.57726634
85648406,0.31918198
85660140,0.61266464
85664430,0.46263343
85678569,0.46363202
85681838,0.3571867
85686490,0.43358603
85695839,0.368643
85783576,0.2668762
85815529,0.32616434
85821996,0.38629004
85834562,0.4108749
85854450,0.65951914
85861930,0.5591973
85862087,0.28074846
85862843,0.32795435
85884054,0.56398356
85890860,0.5016121
85923483,0.26595145
85971877,0.39565602
85985640,0.6104344
86000591,0.52197856
86007707,0.4521978
86015389,0.6320687
86049742,0.64455944
86147502,0.49627584
86153858,0.3748467
86199849,0.442255
86200878,0.6251157
86240133,0.3660088
86244234,0.6341125
86274674,0.42899546
86304957,0.26492134
86305054,0.53312373
86327634,0.47904998
86360614,0.37795165
86369588,0.3918298
86370215,0.5921016
86416983,0.31808603
86446782,0.45819357
86467196,0.67684144
86499264,0.56043035
86499817,0.60354745
86509530,0.4270065
86538345,0.4189088
86544211,0.34988362
86569593,0.20023525
86605121,0.35697553
86629509,0.41615772
86639682,0.52015847
86641978,0.55042
86671427,0.54863226
86680398,0.28808203
86682224,0.34084842
86689546,0.31706175
86690867,0.42365354
86695282,0.43771106
86714506,0.3627141
86727725,0.289025
86731830,0.36356932
86759507,0.3360954
86796306,0.42108288
86829925,0.6292505
86841018,0.6236153
86865629,0.63085246
86924089,0.49831188
86941639,0.5676783
86968171,0.65622693
86985779,0.61286366
87003793,0.26412785
87029440,0.44564587
87084168,0.5483663
87125342,0.32588646
87135380,0.45250598
87136979,0.51148474
87222013,0.48531312
87301914,0.42979747
87391363,0.31195986
87410536,0.30674067
87450579,0.34160078
87450603,0.57374674
87455713,0.18993607
87460303,0.4766747
87481444,0.4025322
87567939,0.4109622
87655247,0.3982184
87667031,0.3645364
87670097,0.49111825
87674501,0.46193284
87679024,0.32102346
87679623,0.27420655
87691321,0.5488128
87695373,0.5345928
87729038,0.26801035
87732921,0.32801628
87784181,0.2449709
87830992,0.35213974
87851013,0.3177292
87866237,0.42002827
87891115,0.41118902
87902560,0.66117126
87923873,0.27926242
87945762,0.6070415
87961010,0.41305172
88006900,0.5165727
88062761,0.34252718
88131351,0.33323497
88154104,0.43059072
88183948,0.4945112
88227575,0.5873077
88229777,0.5642834
88288737,0.41079247
88300913,0.46363667
88330641,0.59018534
88351231,0.572941
88365698,0.3675147
88381579,0.4597595
88382859,0.4092761
88442358,0.4222893
88450089,0.2846042
88478994,0.36083624
88515012,0.35188845
88536358,0.4237223
88565756,0.30417043
88606839,0.38151598
88612631,0.4426516
88668155,0.5309332
88679468,0.6077661
88713629,0.31786335
88727220,0.50498015
88727545,0.5757312
88750461,0.18960568
88762055,0.64923126
88794218,0.33585298
88845524,0.4229154
88887169,0.6076351
88924303,0.20062332
88936620,0.2869379
88938877,0.5483971
88986376,0.458126
89019714,0.44595864
89054135,0.29878172
89061590,0.6793222
89069735,0.5559116
89095703,0.38655916
89148908,0.46258423
89157170,0.52504563
89206126,0.58323926
89235739,0.61672217
89267268,0.4826224
89321452,0.32240883
89323856,0.38707402
89361850,0.30441892
89409884,0.44715074
89431544,0.30222332
89470916,0.43428886
89501240,0.48413572
89573230,0.49013022
89613115,0.29991072
89619970,0.7271202
89647691,0.47403502
89653769,0.30043858
89700094,0.3363497
89721350,0.3078849
89740943,0.32049146
89761230,0.36603472
89786835,0.5195694
89938970,0.34667137
89963751,0.5057102
89989620,0.50837904
90053651,0.65982455
90072280,0.6955348
90081271,0.4850951
90134592,0.41249588
90169769,0.6410868
90184033,0.37413746
90199889,0.5277958
90278223,0.5271619
90345699,0.36320242
90350810,0.52697027
90370030,0.489162
90408943,0.5679367
90514029,0.37184778
90553172,0.6629902
90577004,0.37049702
90607472,0.55277705
90691233,0.22859675
90700555,0.49521947
90732869,0.39398548
90756257,0.44641882
90759096,0.231076
90759354,0.38352555
90773101,0.49156064
90820233,0.5530044
90858767,0.54850733
90879835,0.31112045
90891731,0.38004312
90918201,0.34933227
90923818,0.5209878
90936101,0.308319
90949661,0.402365
90958995,0.5663847
90961024,0.30444017
91097165,0.26267844
91097632,0.43545642
91101111,0.49785608
91101945,0.28666806
91116884,0.42416313
91128848,0.20393205
91173477,0.38656268
91183805,0.41271338
91200815,0.357403
91230552,0.27719977
91237635,0.46491477
91248192,0.49109685
91248365,0.5034337
91278241,0.33886406
91301143,0.4911988
91395350,0.40370062
91403118,0.28657287
91408264,0.40827912
91417170,0.19863522
91424577,0.4747862
91470172,0.64756614
91477604,0.31333983
91485618,0.552088
91524184,0.39432684
91541254,0.43840766
91575818,0.36676574
91632940,0.61546063
91647598,0.3568871
91681704,0.48121327
91683449,0.5578742
91710155,0.6432477
91712876,0.23322125
91764449,0.38761023
91848781,0.21922787
91850106,0.3615412
91869702,0.54210514
91937494,0.3577769
91974511,0.7332425
91996945,0.53442055
92052392,0.37178648
92056774,0.6547489
92058958,0.30277273
92084454,0.34895003
92097660,0.53234243
92142815,0.3173342
92143960,0.33433434
92152611,0.5372279
92177496,0.3994831
92177979,0.53718996
92197764,0.59937656
92259194,0.39717984
92316134,0.28615096
92378036,0.3121978
92413508,0.46328515
92418320,0.3370975
92491235,0.5451327
92535930,0.6661092
92569234,0.60288054
92584117,0.59950966
92627852,0.41683
92636266,0.32883164
92686005,0.5963899
92702941,0.4775736
92740981,0.61124074
92785744,0.6105447
92794277,0.3997474
92820759,0.34937364
92843976,0.4579093
92858142,0.58232397
92867125,0.34771636
92874020,0.35169476
92919566,0.40272018
93022789,0.61138827
93031909,0.48790583
93035249,0.34779415
93097060,0.36544707
93097735,0.25835457
93115285,0.46118012
93123732,0.5423915
93183173,0.58578736
93221804,0.2203013
93267321,0.55431736
93314098,0.23189336
93329704,0.2703922
93361647,0.51464105
93366462,0.3229838
93369119,0.37376192
93389766,0.28382635
93419578,0.39834878
93428215,0.31837863
93470404,0.4729441
93489804,0.51806235
93501484,0.38657504
93554277,0.24769604
93559700,0.7047279
93572416,0.5901647
93636779,0.40163672
93677449,0.43761918
93682887,0.2950478
93683614,0.36849424
93699607,0.23790488
93798164,0.5084709
93803703,0.6147755
93805180,0.4164483
93851389,0.58335185
93971006,0.56579494
94012245,0.45266476
94018403,0.4469261
94030669,0.41437748
94050884,0.27008322
94060979,0.333868
94064467,0.43437263
94110803,0.502521
94156006,0.53016335
94157282,0.36571142
94166854,0.61465114
94180042,0.48930398
94209253,0.2889496
94211449,0.3909797
94225315,0.35814542
94271606,0.29899246
94284222,0.64023376
94308769,0.33131093
94322959,0.65702283
94332415,0.23072748
94338187,0.4891465
94358239,0.60719424
94362880,0.55137396
94367969,0.59730476
94388569,0.48332176
94397499,0.22951959
94401954,0.22099696
94422888,0.36835676
94425915,0.38593397
94510903,0.26988134
94513734,0.5370535
94544913,0.3430902
94546274,0.5336913
94599009,0.25578296
94601019,0.42633557
94603349,0.4076086
94619955,0.6431843
94668608,0.5977281
94680386,0.3322302
94702439,0.3865523
94724607,0.29619235
94751380,0.736785
94761433,0.5112301
94820148,0.42716873
94822605,0.6444356
94852692,0.5937578
94864243,0.37067935
94887386,0.47266608
94899216,0.6395155
94925004,0.3573006
94982732,0.33912635
94999085,0.33873498
95016087,0.51238734
95046694,0.31899992
95088517,0.42099202
95110266,0.48400643
95154029,0.52407944
95202077,0.3641849
95242792,0.56915146
95335790,0.46576554
95428946,0.35632688
95452501,0.46544906
95459686,0.33765513
95475172,0.41307113
95602389,0.568353
95621309,0.38396987
95682784,0.6599433
95687369,0.35593024
95688478,0.5452208
95724637,0.61594445
95731809,0.4431875
95748592,0.5285107
95828906,0.39257032
95852599,0.24966332
95873844,0.46024674
95907556,0.37600276
95942495,0.43071496
96016945,0.2640634
96083218,0.46540403
96131268,0.5091643
96151095,0.43981668
96176950,0.51869553
96197691,0.42110658
96225247,0.3548919
96249591,0.41909558
96257179,0.32866594
96275671,0.6434539
96297127,0.3829529
96319425,0.588118
96345792,0.4355122
96438067,0.3573467
96439369,0.43667558
96458290,0.35663417
96496203,0.47210866
96541740,0.4021281
96557810,0.5163654
96626493,0.23876546
96651881,0.41767
96661157,0.4085211
96666345,0.4738836
96814440,0.4087051
96821552,0.34284383
96824387,0.3791165
96833464,0.20693147
96866054,0.3426658
96889493,0.29070935
96915451,0.50678205
96934809,0.23783474
96955120,0.6058414
96975786,0.6514764
96998453,0.35443592
97047880,0.38455877
97068969,0.5959691
97076546,0.6217843
97084564,0.3930841
97169970,0.49290678
97221648,0.53631383
97262944,0.4513082
97359689,0.4116852
97376938,0.57308346
97502266,0.31096727
97513780,0.30717143
97517538,0.38572156
97534328,0.39509857
97542198,0.3479097
97567417,0.44349197
97586387,0.46883753
97645998,0.6014114
97666258,0.38847637
97687262,0.25980425
97715009,0.49078372
97811444,0.2168339
97837122,0.40252534
97869349,0.26052088
97872286,0.56434053
97913958,0.64965594
97921609,0.563776
97938106,0.5110708
97986854,0.6459328
97993598,0.4079726
98047150,0.5969901
98137482,0.24351566
98143403,0.40855196
98146967,0.56794477
98151823,0.39160866
98215373,0.4203761
98273636,0.40036502
98276580,0.46963337
98282423,0.69024545
98313092,0.29139513
98362353,0.51082814
98373084,0.7200082
98404918,0.47669348
98434538,0.3257935
98446132,0.25997296
98455054,0.25977004
98465384,0.25550073
98513618,0.55318975
98602458,0.62273335
98605442,0.6103681
98687107,0.35775578
98704281,0.22164352
98751596,0.34044728
98762469,0.34506208
98767924,0.42134237
98860154,0.22976525
98882512,0.55912983
98891307,0.4181196
98963859,0.3707583
98991212,0.35863736
98995299,0.24553998
99014776,0.76153487
99074250,0.23310365
99094186,0.39236316
99141554,0.52970093
99149408,0.30715877
99165645,0.32336637
99194934,0.61433333
99220694,0.57216495
99225265,0.48656607
99266697,0.31820595
99305752,0.44116855
99331069,0.39269847
99418967,0.38028613
99544631,0.312693
99613276,0.49534804
99623433,0.49347064
99643686,0.32244626
99652208,0.45223546
99713467,0.3375429
99729098,0.34392723
99751100,0.22335391
99785861,0.52154946
99804009,0.30962366
99836889,0.31908688
99849278,0.6212785
99888537,0.31926766
99918216,0.4114059
99938948,0.41552234
99953525,0.4047025
99985917,0.4378998
99991245,0.46677855
